{
  "accuracy": [
    0.7619603276252747,
    0.8940101265907288,
    0.9103461503982544,
    0.9212368726730347,
    0.9297938346862793,
    0.9313496947288513
  ],
  "loss": [
    0.630230724811554,
    0.27416086196899414,
    0.24086566269397736,
    0.20777040719985962,
    0.19091473519802094,
    0.18996235728263855
  ],
  "val_accuracy": [
    0.8928571343421936,
    0.9068322777748108,
    0.8850931525230408,
    0.8796584010124207,
    0.9045031070709229,
    0.8874223828315735
  ],
  "val_loss": [
    0.2614143192768097,
    0.21182319521903992,
    0.29297828674316406,
    0.3006519675254822,
    0.21793052554130554,
    0.2828086018562317
  ],
  "learning_rate": [
    9.999999747378752e-05,
    9.999999747378752e-05,
    9.999999747378752e-05,
    9.999999747378752e-05,
    2.9999999242136255e-05,
    2.9999999242136255e-05
  ]
}